ANIMAL_TYPE,ANIMAL_AGE,ANIMAL_SIZE,ANIMAL_BREED,ITEM_VALUE,ITEM_ID,CREATION_TIMESTAMP
2,1,1,English_Setter,0.1,2-English_Setter-1-1,15000000
2,2,1,English_Setter,0.1,2-English_Setter-1-2,15000000
2,3,1,English_Setter,0.1,2-English_Setter-1-3,15000000
2,4,1,English_Setter,0.1,2-English_Setter-1-4,15000000
2,5,1,English_Setter,0.1,2-English_Setter-1-5,15000000
2,1,2,English_Setter,0.1,2-English_Setter-2-1,15000000
2,2,2,English_Setter,0.1,2-English_Setter-2-2,15000000
2,3,2,English_Setter,0.1,2-English_Setter-2-3,15000000
2,4,2,English_Setter,0.1,2-English_Setter-2-4,15000000
2,5,2,English_Setter,0.1,2-English_Setter-2-5,15000000
2,1,3,English_Setter,0.1,2-English_Setter-3-1,15000000
2,2,3,English_Setter,0.1,2-English_Setter-3-2,15000000
2,3,3,English_Setter,0.1,2-English_Setter-3-3,15000000
2,4,3,English_Setter,0.1,2-English_Setter-3-4,15000000
2,5,3,English_Setter,0.1,2-English_Setter-3-5,15000000
2,1,4,English_Setter,0.1,2-English_Setter-4-1,15000000
2,2,4,English_Setter,0.1,2-English_Setter-4-2,15000000
2,3,4,English_Setter,0.1,2-English_Setter-4-3,15000000
2,4,4,English_Setter,0.1,2-English_Setter-4-4,15000000
2,5,4,English_Setter,0.1,2-English_Setter-4-5,15000000
2,1,5,English_Setter,0.1,2-English_Setter-5-1,15000000
2,2,5,English_Setter,0.1,2-English_Setter-5-2,15000000
2,3,5,English_Setter,0.1,2-English_Setter-5-3,15000000
2,4,5,English_Setter,0.1,2-English_Setter-5-4,15000000
2,5,5,English_Setter,0.1,2-English_Setter-5-5,15000000
1,1,1,Egyptian_Mau,0.1,1-Egyptian_Mau-1-1,15000000
1,2,1,Egyptian_Mau,0.1,1-Egyptian_Mau-1-2,15000000
1,3,1,Egyptian_Mau,0.1,1-Egyptian_Mau-1-3,15000000
1,4,1,Egyptian_Mau,0.1,1-Egyptian_Mau-1-4,15000000
1,5,1,Egyptian_Mau,0.1,1-Egyptian_Mau-1-5,15000000
1,1,2,Egyptian_Mau,0.1,1-Egyptian_Mau-2-1,15000000
1,2,2,Egyptian_Mau,0.1,1-Egyptian_Mau-2-2,15000000
1,3,2,Egyptian_Mau,0.1,1-Egyptian_Mau-2-3,15000000
1,4,2,Egyptian_Mau,0.1,1-Egyptian_Mau-2-4,15000000
1,5,2,Egyptian_Mau,0.1,1-Egyptian_Mau-2-5,15000000
1,1,3,Egyptian_Mau,0.1,1-Egyptian_Mau-3-1,15000000
1,2,3,Egyptian_Mau,0.1,1-Egyptian_Mau-3-2,15000000
1,3,3,Egyptian_Mau,0.1,1-Egyptian_Mau-3-3,15000000
1,4,3,Egyptian_Mau,0.1,1-Egyptian_Mau-3-4,15000000
1,5,3,Egyptian_Mau,0.1,1-Egyptian_Mau-3-5,15000000
1,1,4,Egyptian_Mau,0.1,1-Egyptian_Mau-4-1,15000000
1,2,4,Egyptian_Mau,0.1,1-Egyptian_Mau-4-2,15000000
1,3,4,Egyptian_Mau,0.1,1-Egyptian_Mau-4-3,15000000
1,4,4,Egyptian_Mau,0.1,1-Egyptian_Mau-4-4,15000000
1,5,4,Egyptian_Mau,0.1,1-Egyptian_Mau-4-5,15000000
1,1,5,Egyptian_Mau,0.1,1-Egyptian_Mau-5-1,15000000
1,2,5,Egyptian_Mau,0.1,1-Egyptian_Mau-5-2,15000000
1,3,5,Egyptian_Mau,0.1,1-Egyptian_Mau-5-3,15000000
1,4,5,Egyptian_Mau,0.1,1-Egyptian_Mau-5-4,15000000
1,5,5,Egyptian_Mau,0.1,1-Egyptian_Mau-5-5,15000000
2,1,1,Shiba_Inu,0.1,2-Shiba_Inu-1-1,15000000
2,2,1,Shiba_Inu,0.1,2-Shiba_Inu-1-2,15000000
2,3,1,Shiba_Inu,0.1,2-Shiba_Inu-1-3,15000000
2,4,1,Shiba_Inu,0.1,2-Shiba_Inu-1-4,15000000
2,5,1,Shiba_Inu,0.1,2-Shiba_Inu-1-5,15000000
2,1,2,Shiba_Inu,0.1,2-Shiba_Inu-2-1,15000000
2,2,2,Shiba_Inu,0.1,2-Shiba_Inu-2-2,15000000
2,3,2,Shiba_Inu,0.1,2-Shiba_Inu-2-3,15000000
2,4,2,Shiba_Inu,0.1,2-Shiba_Inu-2-4,15000000
2,5,2,Shiba_Inu,0.1,2-Shiba_Inu-2-5,15000000
2,1,3,Shiba_Inu,0.1,2-Shiba_Inu-3-1,15000000
2,2,3,Shiba_Inu,0.1,2-Shiba_Inu-3-2,15000000
2,3,3,Shiba_Inu,0.1,2-Shiba_Inu-3-3,15000000
2,4,3,Shiba_Inu,0.1,2-Shiba_Inu-3-4,15000000
2,5,3,Shiba_Inu,0.1,2-Shiba_Inu-3-5,15000000
2,1,4,Shiba_Inu,0.1,2-Shiba_Inu-4-1,15000000
2,2,4,Shiba_Inu,0.1,2-Shiba_Inu-4-2,15000000
2,3,4,Shiba_Inu,0.1,2-Shiba_Inu-4-3,15000000
2,4,4,Shiba_Inu,0.1,2-Shiba_Inu-4-4,15000000
2,5,4,Shiba_Inu,0.1,2-Shiba_Inu-4-5,15000000
2,1,5,Shiba_Inu,0.1,2-Shiba_Inu-5-1,15000000
2,2,5,Shiba_Inu,0.1,2-Shiba_Inu-5-2,15000000
2,3,5,Shiba_Inu,0.1,2-Shiba_Inu-5-3,15000000
2,4,5,Shiba_Inu,0.1,2-Shiba_Inu-5-4,15000000
2,5,5,Shiba_Inu,0.1,2-Shiba_Inu-5-5,15000000
2,1,1,Keeshond,0.1,2-Keeshond-1-1,15000000
2,2,1,Keeshond,0.1,2-Keeshond-1-2,15000000
2,3,1,Keeshond,0.1,2-Keeshond-1-3,15000000
2,4,1,Keeshond,0.1,2-Keeshond-1-4,15000000
2,5,1,Keeshond,0.1,2-Keeshond-1-5,15000000
2,1,2,Keeshond,0.1,2-Keeshond-2-1,15000000
2,2,2,Keeshond,0.1,2-Keeshond-2-2,15000000
2,3,2,Keeshond,0.1,2-Keeshond-2-3,15000000
2,4,2,Keeshond,0.1,2-Keeshond-2-4,15000000
2,5,2,Keeshond,0.1,2-Keeshond-2-5,15000000
2,1,3,Keeshond,0.1,2-Keeshond-3-1,15000000
2,2,3,Keeshond,0.1,2-Keeshond-3-2,15000000
2,3,3,Keeshond,0.1,2-Keeshond-3-3,15000000
2,4,3,Keeshond,0.1,2-Keeshond-3-4,15000000
2,5,3,Keeshond,0.1,2-Keeshond-3-5,15000000
2,1,4,Keeshond,0.1,2-Keeshond-4-1,15000000
2,2,4,Keeshond,0.1,2-Keeshond-4-2,15000000
2,3,4,Keeshond,0.1,2-Keeshond-4-3,15000000
2,4,4,Keeshond,0.1,2-Keeshond-4-4,15000000
2,5,4,Keeshond,0.1,2-Keeshond-4-5,15000000
2,1,5,Keeshond,0.1,2-Keeshond-5-1,15000000
2,2,5,Keeshond,0.1,2-Keeshond-5-2,15000000
2,3,5,Keeshond,0.1,2-Keeshond-5-3,15000000
2,4,5,Keeshond,0.1,2-Keeshond-5-4,15000000
2,5,5,Keeshond,0.1,2-Keeshond-5-5,15000000
2,1,1,American_Bulldog,0.1,2-American_Bulldog-1-1,15000000
2,2,1,American_Bulldog,0.1,2-American_Bulldog-1-2,15000000
2,3,1,American_Bulldog,0.1,2-American_Bulldog-1-3,15000000
2,4,1,American_Bulldog,0.1,2-American_Bulldog-1-4,15000000
2,5,1,American_Bulldog,0.1,2-American_Bulldog-1-5,15000000
2,1,2,American_Bulldog,0.1,2-American_Bulldog-2-1,15000000
2,2,2,American_Bulldog,0.1,2-American_Bulldog-2-2,15000000
2,3,2,American_Bulldog,0.1,2-American_Bulldog-2-3,15000000
2,4,2,American_Bulldog,0.1,2-American_Bulldog-2-4,15000000
2,5,2,American_Bulldog,0.1,2-American_Bulldog-2-5,15000000
2,1,3,American_Bulldog,0.1,2-American_Bulldog-3-1,15000000
2,2,3,American_Bulldog,0.1,2-American_Bulldog-3-2,15000000
2,3,3,American_Bulldog,0.1,2-American_Bulldog-3-3,15000000
2,4,3,American_Bulldog,0.1,2-American_Bulldog-3-4,15000000
2,5,3,American_Bulldog,0.1,2-American_Bulldog-3-5,15000000
2,1,4,American_Bulldog,0.1,2-American_Bulldog-4-1,15000000
2,2,4,American_Bulldog,0.1,2-American_Bulldog-4-2,15000000
2,3,4,American_Bulldog,0.1,2-American_Bulldog-4-3,15000000
2,4,4,American_Bulldog,0.1,2-American_Bulldog-4-4,15000000
2,5,4,American_Bulldog,0.1,2-American_Bulldog-4-5,15000000
2,1,5,American_Bulldog,0.1,2-American_Bulldog-5-1,15000000
2,2,5,American_Bulldog,0.1,2-American_Bulldog-5-2,15000000
2,3,5,American_Bulldog,0.1,2-American_Bulldog-5-3,15000000
2,4,5,American_Bulldog,0.1,2-American_Bulldog-5-4,15000000
2,5,5,American_Bulldog,0.1,2-American_Bulldog-5-5,15000000
2,1,1,German_Shorthaired,0.1,2-German_Shorthaired-1-1,15000000
2,2,1,German_Shorthaired,0.1,2-German_Shorthaired-1-2,15000000
2,3,1,German_Shorthaired,0.1,2-German_Shorthaired-1-3,15000000
2,4,1,German_Shorthaired,0.1,2-German_Shorthaired-1-4,15000000
2,5,1,German_Shorthaired,0.1,2-German_Shorthaired-1-5,15000000
2,1,2,German_Shorthaired,0.1,2-German_Shorthaired-2-1,15000000
2,2,2,German_Shorthaired,0.1,2-German_Shorthaired-2-2,15000000
2,3,2,German_Shorthaired,0.1,2-German_Shorthaired-2-3,15000000
2,4,2,German_Shorthaired,0.1,2-German_Shorthaired-2-4,15000000
2,5,2,German_Shorthaired,0.1,2-German_Shorthaired-2-5,15000000
2,1,3,German_Shorthaired,0.1,2-German_Shorthaired-3-1,15000000
2,2,3,German_Shorthaired,0.1,2-German_Shorthaired-3-2,15000000
2,3,3,German_Shorthaired,0.1,2-German_Shorthaired-3-3,15000000
2,4,3,German_Shorthaired,0.1,2-German_Shorthaired-3-4,15000000
2,5,3,German_Shorthaired,0.1,2-German_Shorthaired-3-5,15000000
2,1,4,German_Shorthaired,0.1,2-German_Shorthaired-4-1,15000000
2,2,4,German_Shorthaired,0.1,2-German_Shorthaired-4-2,15000000
2,3,4,German_Shorthaired,0.1,2-German_Shorthaired-4-3,15000000
2,4,4,German_Shorthaired,0.1,2-German_Shorthaired-4-4,15000000
2,5,4,German_Shorthaired,0.1,2-German_Shorthaired-4-5,15000000
2,1,5,German_Shorthaired,0.1,2-German_Shorthaired-5-1,15000000
2,2,5,German_Shorthaired,0.1,2-German_Shorthaired-5-2,15000000
2,3,5,German_Shorthaired,0.1,2-German_Shorthaired-5-3,15000000
2,4,5,German_Shorthaired,0.1,2-German_Shorthaired-5-4,15000000
2,5,5,German_Shorthaired,0.1,2-German_Shorthaired-5-5,15000000
2,1,1,Pug,0.1,2-Pug-1-1,15000000
2,2,1,Pug,0.1,2-Pug-1-2,15000000
2,3,1,Pug,0.1,2-Pug-1-3,15000000
2,4,1,Pug,0.1,2-Pug-1-4,15000000
2,5,1,Pug,0.1,2-Pug-1-5,15000000
2,1,2,Pug,0.1,2-Pug-2-1,15000000
2,2,2,Pug,0.1,2-Pug-2-2,15000000
2,3,2,Pug,0.1,2-Pug-2-3,15000000
2,4,2,Pug,0.1,2-Pug-2-4,15000000
2,5,2,Pug,0.1,2-Pug-2-5,15000000
2,1,3,Pug,0.1,2-Pug-3-1,15000000
2,2,3,Pug,0.1,2-Pug-3-2,15000000
2,3,3,Pug,0.1,2-Pug-3-3,15000000
2,4,3,Pug,0.1,2-Pug-3-4,15000000
2,5,3,Pug,0.1,2-Pug-3-5,15000000
2,1,4,Pug,0.1,2-Pug-4-1,15000000
2,2,4,Pug,0.1,2-Pug-4-2,15000000
2,3,4,Pug,0.1,2-Pug-4-3,15000000
2,4,4,Pug,0.1,2-Pug-4-4,15000000
2,5,4,Pug,0.1,2-Pug-4-5,15000000
2,1,5,Pug,0.1,2-Pug-5-1,15000000
2,2,5,Pug,0.1,2-Pug-5-2,15000000
2,3,5,Pug,0.1,2-Pug-5-3,15000000
2,4,5,Pug,0.1,2-Pug-5-4,15000000
2,5,5,Pug,0.1,2-Pug-5-5,15000000
2,1,1,Scottish_Terrier,0.1,2-Scottish_Terrier-1-1,15000000
2,2,1,Scottish_Terrier,0.1,2-Scottish_Terrier-1-2,15000000
2,3,1,Scottish_Terrier,0.1,2-Scottish_Terrier-1-3,15000000
2,4,1,Scottish_Terrier,0.1,2-Scottish_Terrier-1-4,15000000
2,5,1,Scottish_Terrier,0.1,2-Scottish_Terrier-1-5,15000000
2,1,2,Scottish_Terrier,0.1,2-Scottish_Terrier-2-1,15000000
2,2,2,Scottish_Terrier,0.1,2-Scottish_Terrier-2-2,15000000
2,3,2,Scottish_Terrier,0.1,2-Scottish_Terrier-2-3,15000000
2,4,2,Scottish_Terrier,0.1,2-Scottish_Terrier-2-4,15000000
2,5,2,Scottish_Terrier,0.1,2-Scottish_Terrier-2-5,15000000
2,1,3,Scottish_Terrier,0.1,2-Scottish_Terrier-3-1,15000000
2,2,3,Scottish_Terrier,0.1,2-Scottish_Terrier-3-2,15000000
2,3,3,Scottish_Terrier,0.1,2-Scottish_Terrier-3-3,15000000
2,4,3,Scottish_Terrier,0.1,2-Scottish_Terrier-3-4,15000000
2,5,3,Scottish_Terrier,0.1,2-Scottish_Terrier-3-5,15000000
2,1,4,Scottish_Terrier,0.1,2-Scottish_Terrier-4-1,15000000
2,2,4,Scottish_Terrier,0.1,2-Scottish_Terrier-4-2,15000000
2,3,4,Scottish_Terrier,0.1,2-Scottish_Terrier-4-3,15000000
2,4,4,Scottish_Terrier,0.1,2-Scottish_Terrier-4-4,15000000
2,5,4,Scottish_Terrier,0.1,2-Scottish_Terrier-4-5,15000000
2,1,5,Scottish_Terrier,0.1,2-Scottish_Terrier-5-1,15000000
2,2,5,Scottish_Terrier,0.1,2-Scottish_Terrier-5-2,15000000
2,3,5,Scottish_Terrier,0.1,2-Scottish_Terrier-5-3,15000000
2,4,5,Scottish_Terrier,0.1,2-Scottish_Terrier-5-4,15000000
2,5,5,Scottish_Terrier,0.1,2-Scottish_Terrier-5-5,15000000
1,1,1,British_Shorthair,0.1,1-British_Shorthair-1-1,15000000
1,2,1,British_Shorthair,0.1,1-British_Shorthair-1-2,15000000
1,3,1,British_Shorthair,0.1,1-British_Shorthair-1-3,15000000
1,4,1,British_Shorthair,0.1,1-British_Shorthair-1-4,15000000
1,5,1,British_Shorthair,0.1,1-British_Shorthair-1-5,15000000
1,1,2,British_Shorthair,0.1,1-British_Shorthair-2-1,15000000
1,2,2,British_Shorthair,0.1,1-British_Shorthair-2-2,15000000
1,3,2,British_Shorthair,0.1,1-British_Shorthair-2-3,15000000
1,4,2,British_Shorthair,0.1,1-British_Shorthair-2-4,15000000
1,5,2,British_Shorthair,0.1,1-British_Shorthair-2-5,15000000
1,1,3,British_Shorthair,0.1,1-British_Shorthair-3-1,15000000
1,2,3,British_Shorthair,0.1,1-British_Shorthair-3-2,15000000
1,3,3,British_Shorthair,0.1,1-British_Shorthair-3-3,15000000
1,4,3,British_Shorthair,0.1,1-British_Shorthair-3-4,15000000
1,5,3,British_Shorthair,0.1,1-British_Shorthair-3-5,15000000
1,1,4,British_Shorthair,0.1,1-British_Shorthair-4-1,15000000
1,2,4,British_Shorthair,0.1,1-British_Shorthair-4-2,15000000
1,3,4,British_Shorthair,0.1,1-British_Shorthair-4-3,15000000
1,4,4,British_Shorthair,0.1,1-British_Shorthair-4-4,15000000
1,5,4,British_Shorthair,0.1,1-British_Shorthair-4-5,15000000
1,1,5,British_Shorthair,0.1,1-British_Shorthair-5-1,15000000
1,2,5,British_Shorthair,0.1,1-British_Shorthair-5-2,15000000
1,3,5,British_Shorthair,0.1,1-British_Shorthair-5-3,15000000
1,4,5,British_Shorthair,0.1,1-British_Shorthair-5-4,15000000
1,5,5,British_Shorthair,0.1,1-British_Shorthair-5-5,15000000
2,1,1,Havanese,0.1,2-Havanese-1-1,15000000
2,2,1,Havanese,0.1,2-Havanese-1-2,15000000
2,3,1,Havanese,0.1,2-Havanese-1-3,15000000
2,4,1,Havanese,0.1,2-Havanese-1-4,15000000
2,5,1,Havanese,0.1,2-Havanese-1-5,15000000
2,1,2,Havanese,0.1,2-Havanese-2-1,15000000
2,2,2,Havanese,0.1,2-Havanese-2-2,15000000
2,3,2,Havanese,0.1,2-Havanese-2-3,15000000
2,4,2,Havanese,0.1,2-Havanese-2-4,15000000
2,5,2,Havanese,0.1,2-Havanese-2-5,15000000
2,1,3,Havanese,0.1,2-Havanese-3-1,15000000
2,2,3,Havanese,0.1,2-Havanese-3-2,15000000
2,3,3,Havanese,0.1,2-Havanese-3-3,15000000
2,4,3,Havanese,0.1,2-Havanese-3-4,15000000
2,5,3,Havanese,0.1,2-Havanese-3-5,15000000
2,1,4,Havanese,0.1,2-Havanese-4-1,15000000
2,2,4,Havanese,0.1,2-Havanese-4-2,15000000
2,3,4,Havanese,0.1,2-Havanese-4-3,15000000
2,4,4,Havanese,0.1,2-Havanese-4-4,15000000
2,5,4,Havanese,0.1,2-Havanese-4-5,15000000
2,1,5,Havanese,0.1,2-Havanese-5-1,15000000
2,2,5,Havanese,0.1,2-Havanese-5-2,15000000
2,3,5,Havanese,0.1,2-Havanese-5-3,15000000
2,4,5,Havanese,0.1,2-Havanese-5-4,15000000
2,5,5,Havanese,0.1,2-Havanese-5-5,15000000
1,1,1,Bombay,0.1,1-Bombay-1-1,15000000
1,2,1,Bombay,0.1,1-Bombay-1-2,15000000
1,3,1,Bombay,0.1,1-Bombay-1-3,15000000
1,4,1,Bombay,0.1,1-Bombay-1-4,15000000
1,5,1,Bombay,0.1,1-Bombay-1-5,15000000
1,1,2,Bombay,0.1,1-Bombay-2-1,15000000
1,2,2,Bombay,0.1,1-Bombay-2-2,15000000
1,3,2,Bombay,0.1,1-Bombay-2-3,15000000
1,4,2,Bombay,0.1,1-Bombay-2-4,15000000
1,5,2,Bombay,0.1,1-Bombay-2-5,15000000
1,1,3,Bombay,0.1,1-Bombay-3-1,15000000
1,2,3,Bombay,0.1,1-Bombay-3-2,15000000
1,3,3,Bombay,0.1,1-Bombay-3-3,15000000
1,4,3,Bombay,0.1,1-Bombay-3-4,15000000
1,5,3,Bombay,0.1,1-Bombay-3-5,15000000
1,1,4,Bombay,0.1,1-Bombay-4-1,15000000
1,2,4,Bombay,0.1,1-Bombay-4-2,15000000
1,3,4,Bombay,0.1,1-Bombay-4-3,15000000
1,4,4,Bombay,0.1,1-Bombay-4-4,15000000
1,5,4,Bombay,0.1,1-Bombay-4-5,15000000
1,1,5,Bombay,0.1,1-Bombay-5-1,15000000
1,2,5,Bombay,0.1,1-Bombay-5-2,15000000
1,3,5,Bombay,0.1,1-Bombay-5-3,15000000
1,4,5,Bombay,0.1,1-Bombay-5-4,15000000
1,5,5,Bombay,0.1,1-Bombay-5-5,15000000
2,1,1,Staffordshire_Bull_Terrier,0.1,2-Staffordshire_Bull_Terrier-1-1,15000000
2,2,1,Staffordshire_Bull_Terrier,0.1,2-Staffordshire_Bull_Terrier-1-2,15000000
2,3,1,Staffordshire_Bull_Terrier,0.1,2-Staffordshire_Bull_Terrier-1-3,15000000
2,4,1,Staffordshire_Bull_Terrier,0.1,2-Staffordshire_Bull_Terrier-1-4,15000000
2,5,1,Staffordshire_Bull_Terrier,0.1,2-Staffordshire_Bull_Terrier-1-5,15000000
2,1,2,Staffordshire_Bull_Terrier,0.1,2-Staffordshire_Bull_Terrier-2-1,15000000
2,2,2,Staffordshire_Bull_Terrier,0.1,2-Staffordshire_Bull_Terrier-2-2,15000000
2,3,2,Staffordshire_Bull_Terrier,0.1,2-Staffordshire_Bull_Terrier-2-3,15000000
2,4,2,Staffordshire_Bull_Terrier,0.1,2-Staffordshire_Bull_Terrier-2-4,15000000
2,5,2,Staffordshire_Bull_Terrier,0.1,2-Staffordshire_Bull_Terrier-2-5,15000000
2,1,3,Staffordshire_Bull_Terrier,0.1,2-Staffordshire_Bull_Terrier-3-1,15000000
2,2,3,Staffordshire_Bull_Terrier,0.1,2-Staffordshire_Bull_Terrier-3-2,15000000
2,3,3,Staffordshire_Bull_Terrier,0.1,2-Staffordshire_Bull_Terrier-3-3,15000000
2,4,3,Staffordshire_Bull_Terrier,0.1,2-Staffordshire_Bull_Terrier-3-4,15000000
2,5,3,Staffordshire_Bull_Terrier,0.1,2-Staffordshire_Bull_Terrier-3-5,15000000
2,1,4,Staffordshire_Bull_Terrier,0.1,2-Staffordshire_Bull_Terrier-4-1,15000000
2,2,4,Staffordshire_Bull_Terrier,0.1,2-Staffordshire_Bull_Terrier-4-2,15000000
2,3,4,Staffordshire_Bull_Terrier,0.1,2-Staffordshire_Bull_Terrier-4-3,15000000
2,4,4,Staffordshire_Bull_Terrier,0.1,2-Staffordshire_Bull_Terrier-4-4,15000000
2,5,4,Staffordshire_Bull_Terrier,0.1,2-Staffordshire_Bull_Terrier-4-5,15000000
2,1,5,Staffordshire_Bull_Terrier,0.1,2-Staffordshire_Bull_Terrier-5-1,15000000
2,2,5,Staffordshire_Bull_Terrier,0.1,2-Staffordshire_Bull_Terrier-5-2,15000000
2,3,5,Staffordshire_Bull_Terrier,0.1,2-Staffordshire_Bull_Terrier-5-3,15000000
2,4,5,Staffordshire_Bull_Terrier,0.1,2-Staffordshire_Bull_Terrier-5-4,15000000
2,5,5,Staffordshire_Bull_Terrier,0.1,2-Staffordshire_Bull_Terrier-5-5,15000000
2,1,1,Japanese_Chin,0.1,2-Japanese_Chin-1-1,15000000
2,2,1,Japanese_Chin,0.1,2-Japanese_Chin-1-2,15000000
2,3,1,Japanese_Chin,0.1,2-Japanese_Chin-1-3,15000000
2,4,1,Japanese_Chin,0.1,2-Japanese_Chin-1-4,15000000
2,5,1,Japanese_Chin,0.1,2-Japanese_Chin-1-5,15000000
2,1,2,Japanese_Chin,0.1,2-Japanese_Chin-2-1,15000000
2,2,2,Japanese_Chin,0.1,2-Japanese_Chin-2-2,15000000
2,3,2,Japanese_Chin,0.1,2-Japanese_Chin-2-3,15000000
2,4,2,Japanese_Chin,0.1,2-Japanese_Chin-2-4,15000000
2,5,2,Japanese_Chin,0.1,2-Japanese_Chin-2-5,15000000
2,1,3,Japanese_Chin,0.1,2-Japanese_Chin-3-1,15000000
2,2,3,Japanese_Chin,0.1,2-Japanese_Chin-3-2,15000000
2,3,3,Japanese_Chin,0.1,2-Japanese_Chin-3-3,15000000
2,4,3,Japanese_Chin,0.1,2-Japanese_Chin-3-4,15000000
2,5,3,Japanese_Chin,0.1,2-Japanese_Chin-3-5,15000000
2,1,4,Japanese_Chin,0.1,2-Japanese_Chin-4-1,15000000
2,2,4,Japanese_Chin,0.1,2-Japanese_Chin-4-2,15000000
2,3,4,Japanese_Chin,0.1,2-Japanese_Chin-4-3,15000000
2,4,4,Japanese_Chin,0.1,2-Japanese_Chin-4-4,15000000
2,5,4,Japanese_Chin,0.1,2-Japanese_Chin-4-5,15000000
2,1,5,Japanese_Chin,0.1,2-Japanese_Chin-5-1,15000000
2,2,5,Japanese_Chin,0.1,2-Japanese_Chin-5-2,15000000
2,3,5,Japanese_Chin,0.1,2-Japanese_Chin-5-3,15000000
2,4,5,Japanese_Chin,0.1,2-Japanese_Chin-5-4,15000000
2,5,5,Japanese_Chin,0.1,2-Japanese_Chin-5-5,15000000
1,1,1,Bengal,0.1,1-Bengal-1-1,15000000
1,2,1,Bengal,0.1,1-Bengal-1-2,15000000
1,3,1,Bengal,0.1,1-Bengal-1-3,15000000
1,4,1,Bengal,0.1,1-Bengal-1-4,15000000
1,5,1,Bengal,0.1,1-Bengal-1-5,15000000
1,1,2,Bengal,0.1,1-Bengal-2-1,15000000
1,2,2,Bengal,0.1,1-Bengal-2-2,15000000
1,3,2,Bengal,0.1,1-Bengal-2-3,15000000
1,4,2,Bengal,0.1,1-Bengal-2-4,15000000
1,5,2,Bengal,0.1,1-Bengal-2-5,15000000
1,1,3,Bengal,0.1,1-Bengal-3-1,15000000
1,2,3,Bengal,0.1,1-Bengal-3-2,15000000
1,3,3,Bengal,0.1,1-Bengal-3-3,15000000
1,4,3,Bengal,0.1,1-Bengal-3-4,15000000
1,5,3,Bengal,0.1,1-Bengal-3-5,15000000
1,1,4,Bengal,0.1,1-Bengal-4-1,15000000
1,2,4,Bengal,0.1,1-Bengal-4-2,15000000
1,3,4,Bengal,0.1,1-Bengal-4-3,15000000
1,4,4,Bengal,0.1,1-Bengal-4-4,15000000
1,5,4,Bengal,0.1,1-Bengal-4-5,15000000
1,1,5,Bengal,0.1,1-Bengal-5-1,15000000
1,2,5,Bengal,0.1,1-Bengal-5-2,15000000
1,3,5,Bengal,0.1,1-Bengal-5-3,15000000
1,4,5,Bengal,0.1,1-Bengal-5-4,15000000
1,5,5,Bengal,0.1,1-Bengal-5-5,15000000
1,1,1,Russian_Blue,0.1,1-Russian_Blue-1-1,15000000
1,2,1,Russian_Blue,0.1,1-Russian_Blue-1-2,15000000
1,3,1,Russian_Blue,0.1,1-Russian_Blue-1-3,15000000
1,4,1,Russian_Blue,0.1,1-Russian_Blue-1-4,15000000
1,5,1,Russian_Blue,0.1,1-Russian_Blue-1-5,15000000
1,1,2,Russian_Blue,0.1,1-Russian_Blue-2-1,15000000
1,2,2,Russian_Blue,0.1,1-Russian_Blue-2-2,15000000
1,3,2,Russian_Blue,0.1,1-Russian_Blue-2-3,15000000
1,4,2,Russian_Blue,0.1,1-Russian_Blue-2-4,15000000
1,5,2,Russian_Blue,0.1,1-Russian_Blue-2-5,15000000
1,1,3,Russian_Blue,0.1,1-Russian_Blue-3-1,15000000
1,2,3,Russian_Blue,0.1,1-Russian_Blue-3-2,15000000
1,3,3,Russian_Blue,0.1,1-Russian_Blue-3-3,15000000
1,4,3,Russian_Blue,0.1,1-Russian_Blue-3-4,15000000
1,5,3,Russian_Blue,0.1,1-Russian_Blue-3-5,15000000
1,1,4,Russian_Blue,0.1,1-Russian_Blue-4-1,15000000
1,2,4,Russian_Blue,0.1,1-Russian_Blue-4-2,15000000
1,3,4,Russian_Blue,0.1,1-Russian_Blue-4-3,15000000
1,4,4,Russian_Blue,0.1,1-Russian_Blue-4-4,15000000
1,5,4,Russian_Blue,0.1,1-Russian_Blue-4-5,15000000
1,1,5,Russian_Blue,0.1,1-Russian_Blue-5-1,15000000
1,2,5,Russian_Blue,0.1,1-Russian_Blue-5-2,15000000
1,3,5,Russian_Blue,0.1,1-Russian_Blue-5-3,15000000
1,4,5,Russian_Blue,0.1,1-Russian_Blue-5-4,15000000
1,5,5,Russian_Blue,0.1,1-Russian_Blue-5-5,15000000
2,1,1,American_Pit_Bull_Terrier,0.1,2-American_Pit_Bull_Terrier-1-1,15000000
2,2,1,American_Pit_Bull_Terrier,0.1,2-American_Pit_Bull_Terrier-1-2,15000000
2,3,1,American_Pit_Bull_Terrier,0.1,2-American_Pit_Bull_Terrier-1-3,15000000
2,4,1,American_Pit_Bull_Terrier,0.1,2-American_Pit_Bull_Terrier-1-4,15000000
2,5,1,American_Pit_Bull_Terrier,0.1,2-American_Pit_Bull_Terrier-1-5,15000000
2,1,2,American_Pit_Bull_Terrier,0.1,2-American_Pit_Bull_Terrier-2-1,15000000
2,2,2,American_Pit_Bull_Terrier,0.1,2-American_Pit_Bull_Terrier-2-2,15000000
2,3,2,American_Pit_Bull_Terrier,0.1,2-American_Pit_Bull_Terrier-2-3,15000000
2,4,2,American_Pit_Bull_Terrier,0.1,2-American_Pit_Bull_Terrier-2-4,15000000
2,5,2,American_Pit_Bull_Terrier,0.1,2-American_Pit_Bull_Terrier-2-5,15000000
2,1,3,American_Pit_Bull_Terrier,0.1,2-American_Pit_Bull_Terrier-3-1,15000000
2,2,3,American_Pit_Bull_Terrier,0.1,2-American_Pit_Bull_Terrier-3-2,15000000
2,3,3,American_Pit_Bull_Terrier,0.1,2-American_Pit_Bull_Terrier-3-3,15000000
2,4,3,American_Pit_Bull_Terrier,0.1,2-American_Pit_Bull_Terrier-3-4,15000000
2,5,3,American_Pit_Bull_Terrier,0.1,2-American_Pit_Bull_Terrier-3-5,15000000
2,1,4,American_Pit_Bull_Terrier,0.1,2-American_Pit_Bull_Terrier-4-1,15000000
2,2,4,American_Pit_Bull_Terrier,0.1,2-American_Pit_Bull_Terrier-4-2,15000000
2,3,4,American_Pit_Bull_Terrier,0.1,2-American_Pit_Bull_Terrier-4-3,15000000
2,4,4,American_Pit_Bull_Terrier,0.1,2-American_Pit_Bull_Terrier-4-4,15000000
2,5,4,American_Pit_Bull_Terrier,0.1,2-American_Pit_Bull_Terrier-4-5,15000000
2,1,5,American_Pit_Bull_Terrier,0.1,2-American_Pit_Bull_Terrier-5-1,15000000
2,2,5,American_Pit_Bull_Terrier,0.1,2-American_Pit_Bull_Terrier-5-2,15000000
2,3,5,American_Pit_Bull_Terrier,0.1,2-American_Pit_Bull_Terrier-5-3,15000000
2,4,5,American_Pit_Bull_Terrier,0.1,2-American_Pit_Bull_Terrier-5-4,15000000
2,5,5,American_Pit_Bull_Terrier,0.1,2-American_Pit_Bull_Terrier-5-5,15000000
2,1,1,Beagle,0.1,2-Beagle-1-1,15000000
2,2,1,Beagle,0.1,2-Beagle-1-2,15000000
2,3,1,Beagle,0.1,2-Beagle-1-3,15000000
2,4,1,Beagle,0.1,2-Beagle-1-4,15000000
2,5,1,Beagle,0.1,2-Beagle-1-5,15000000
2,1,2,Beagle,0.1,2-Beagle-2-1,15000000
2,2,2,Beagle,0.1,2-Beagle-2-2,15000000
2,3,2,Beagle,0.1,2-Beagle-2-3,15000000
2,4,2,Beagle,0.1,2-Beagle-2-4,15000000
2,5,2,Beagle,0.1,2-Beagle-2-5,15000000
2,1,3,Beagle,0.1,2-Beagle-3-1,15000000
2,2,3,Beagle,0.1,2-Beagle-3-2,15000000
2,3,3,Beagle,0.1,2-Beagle-3-3,15000000
2,4,3,Beagle,0.1,2-Beagle-3-4,15000000
2,5,3,Beagle,0.1,2-Beagle-3-5,15000000
2,1,4,Beagle,0.1,2-Beagle-4-1,15000000
2,2,4,Beagle,0.1,2-Beagle-4-2,15000000
2,3,4,Beagle,0.1,2-Beagle-4-3,15000000
2,4,4,Beagle,0.1,2-Beagle-4-4,15000000
2,5,4,Beagle,0.1,2-Beagle-4-5,15000000
2,1,5,Beagle,0.1,2-Beagle-5-1,15000000
2,2,5,Beagle,0.1,2-Beagle-5-2,15000000
2,3,5,Beagle,0.1,2-Beagle-5-3,15000000
2,4,5,Beagle,0.1,2-Beagle-5-4,15000000
2,5,5,Beagle,0.1,2-Beagle-5-5,15000000
2,1,1,Basset_Hound,0.1,2-Basset_Hound-1-1,15000000
2,2,1,Basset_Hound,0.1,2-Basset_Hound-1-2,15000000
2,3,1,Basset_Hound,0.1,2-Basset_Hound-1-3,15000000
2,4,1,Basset_Hound,0.1,2-Basset_Hound-1-4,15000000
2,5,1,Basset_Hound,0.1,2-Basset_Hound-1-5,15000000
2,1,2,Basset_Hound,0.1,2-Basset_Hound-2-1,15000000
2,2,2,Basset_Hound,0.1,2-Basset_Hound-2-2,15000000
2,3,2,Basset_Hound,0.1,2-Basset_Hound-2-3,15000000
2,4,2,Basset_Hound,0.1,2-Basset_Hound-2-4,15000000
2,5,2,Basset_Hound,0.1,2-Basset_Hound-2-5,15000000
2,1,3,Basset_Hound,0.1,2-Basset_Hound-3-1,15000000
2,2,3,Basset_Hound,0.1,2-Basset_Hound-3-2,15000000
2,3,3,Basset_Hound,0.1,2-Basset_Hound-3-3,15000000
2,4,3,Basset_Hound,0.1,2-Basset_Hound-3-4,15000000
2,5,3,Basset_Hound,0.1,2-Basset_Hound-3-5,15000000
2,1,4,Basset_Hound,0.1,2-Basset_Hound-4-1,15000000
2,2,4,Basset_Hound,0.1,2-Basset_Hound-4-2,15000000
2,3,4,Basset_Hound,0.1,2-Basset_Hound-4-3,15000000
2,4,4,Basset_Hound,0.1,2-Basset_Hound-4-4,15000000
2,5,4,Basset_Hound,0.1,2-Basset_Hound-4-5,15000000
2,1,5,Basset_Hound,0.1,2-Basset_Hound-5-1,15000000
2,2,5,Basset_Hound,0.1,2-Basset_Hound-5-2,15000000
2,3,5,Basset_Hound,0.1,2-Basset_Hound-5-3,15000000
2,4,5,Basset_Hound,0.1,2-Basset_Hound-5-4,15000000
2,5,5,Basset_Hound,0.1,2-Basset_Hound-5-5,15000000
1,1,1,Birman,0.1,1-Birman-1-1,15000000
1,2,1,Birman,0.1,1-Birman-1-2,15000000
1,3,1,Birman,0.1,1-Birman-1-3,15000000
1,4,1,Birman,0.1,1-Birman-1-4,15000000
1,5,1,Birman,0.1,1-Birman-1-5,15000000
1,1,2,Birman,0.1,1-Birman-2-1,15000000
1,2,2,Birman,0.1,1-Birman-2-2,15000000
1,3,2,Birman,0.1,1-Birman-2-3,15000000
1,4,2,Birman,0.1,1-Birman-2-4,15000000
1,5,2,Birman,0.1,1-Birman-2-5,15000000
1,1,3,Birman,0.1,1-Birman-3-1,15000000
1,2,3,Birman,0.1,1-Birman-3-2,15000000
1,3,3,Birman,0.1,1-Birman-3-3,15000000
1,4,3,Birman,0.1,1-Birman-3-4,15000000
1,5,3,Birman,0.1,1-Birman-3-5,15000000
1,1,4,Birman,0.1,1-Birman-4-1,15000000
1,2,4,Birman,0.1,1-Birman-4-2,15000000
1,3,4,Birman,0.1,1-Birman-4-3,15000000
1,4,4,Birman,0.1,1-Birman-4-4,15000000
1,5,4,Birman,0.1,1-Birman-4-5,15000000
1,1,5,Birman,0.1,1-Birman-5-1,15000000
1,2,5,Birman,0.1,1-Birman-5-2,15000000
1,3,5,Birman,0.1,1-Birman-5-3,15000000
1,4,5,Birman,0.1,1-Birman-5-4,15000000
1,5,5,Birman,0.1,1-Birman-5-5,15000000
2,1,1,English_Cocker_Spaniel,0.1,2-English_Cocker_Spaniel-1-1,15000000
2,2,1,English_Cocker_Spaniel,0.1,2-English_Cocker_Spaniel-1-2,15000000
2,3,1,English_Cocker_Spaniel,0.1,2-English_Cocker_Spaniel-1-3,15000000
2,4,1,English_Cocker_Spaniel,0.1,2-English_Cocker_Spaniel-1-4,15000000
2,5,1,English_Cocker_Spaniel,0.1,2-English_Cocker_Spaniel-1-5,15000000
2,1,2,English_Cocker_Spaniel,0.1,2-English_Cocker_Spaniel-2-1,15000000
2,2,2,English_Cocker_Spaniel,0.1,2-English_Cocker_Spaniel-2-2,15000000
2,3,2,English_Cocker_Spaniel,0.1,2-English_Cocker_Spaniel-2-3,15000000
2,4,2,English_Cocker_Spaniel,0.1,2-English_Cocker_Spaniel-2-4,15000000
2,5,2,English_Cocker_Spaniel,0.1,2-English_Cocker_Spaniel-2-5,15000000
2,1,3,English_Cocker_Spaniel,0.1,2-English_Cocker_Spaniel-3-1,15000000
2,2,3,English_Cocker_Spaniel,0.1,2-English_Cocker_Spaniel-3-2,15000000
2,3,3,English_Cocker_Spaniel,0.1,2-English_Cocker_Spaniel-3-3,15000000
2,4,3,English_Cocker_Spaniel,0.1,2-English_Cocker_Spaniel-3-4,15000000
2,5,3,English_Cocker_Spaniel,0.1,2-English_Cocker_Spaniel-3-5,15000000
2,1,4,English_Cocker_Spaniel,0.1,2-English_Cocker_Spaniel-4-1,15000000
2,2,4,English_Cocker_Spaniel,0.1,2-English_Cocker_Spaniel-4-2,15000000
2,3,4,English_Cocker_Spaniel,0.1,2-English_Cocker_Spaniel-4-3,15000000
2,4,4,English_Cocker_Spaniel,0.1,2-English_Cocker_Spaniel-4-4,15000000
2,5,4,English_Cocker_Spaniel,0.1,2-English_Cocker_Spaniel-4-5,15000000
2,1,5,English_Cocker_Spaniel,0.1,2-English_Cocker_Spaniel-5-1,15000000
2,2,5,English_Cocker_Spaniel,0.1,2-English_Cocker_Spaniel-5-2,15000000
2,3,5,English_Cocker_Spaniel,0.1,2-English_Cocker_Spaniel-5-3,15000000
2,4,5,English_Cocker_Spaniel,0.1,2-English_Cocker_Spaniel-5-4,15000000
2,5,5,English_Cocker_Spaniel,0.1,2-English_Cocker_Spaniel-5-5,15000000
1,1,1,Persian,0.1,1-Persian-1-1,15000000
1,2,1,Persian,0.1,1-Persian-1-2,15000000
1,3,1,Persian,0.1,1-Persian-1-3,15000000
1,4,1,Persian,0.1,1-Persian-1-4,15000000
1,5,1,Persian,0.1,1-Persian-1-5,15000000
1,1,2,Persian,0.1,1-Persian-2-1,15000000
1,2,2,Persian,0.1,1-Persian-2-2,15000000
1,3,2,Persian,0.1,1-Persian-2-3,15000000
1,4,2,Persian,0.1,1-Persian-2-4,15000000
1,5,2,Persian,0.1,1-Persian-2-5,15000000
1,1,3,Persian,0.1,1-Persian-3-1,15000000
1,2,3,Persian,0.1,1-Persian-3-2,15000000
1,3,3,Persian,0.1,1-Persian-3-3,15000000
1,4,3,Persian,0.1,1-Persian-3-4,15000000
1,5,3,Persian,0.1,1-Persian-3-5,15000000
1,1,4,Persian,0.1,1-Persian-4-1,15000000
1,2,4,Persian,0.1,1-Persian-4-2,15000000
1,3,4,Persian,0.1,1-Persian-4-3,15000000
1,4,4,Persian,0.1,1-Persian-4-4,15000000
1,5,4,Persian,0.1,1-Persian-4-5,15000000
1,1,5,Persian,0.1,1-Persian-5-1,15000000
1,2,5,Persian,0.1,1-Persian-5-2,15000000
1,3,5,Persian,0.1,1-Persian-5-3,15000000
1,4,5,Persian,0.1,1-Persian-5-4,15000000
1,5,5,Persian,0.1,1-Persian-5-5,15000000
2,1,1,Chihuahua,0.1,2-Chihuahua-1-1,15000000
2,2,1,Chihuahua,0.1,2-Chihuahua-1-2,15000000
2,3,1,Chihuahua,0.1,2-Chihuahua-1-3,15000000
2,4,1,Chihuahua,0.1,2-Chihuahua-1-4,15000000
2,5,1,Chihuahua,0.1,2-Chihuahua-1-5,15000000
2,1,2,Chihuahua,0.1,2-Chihuahua-2-1,15000000
2,2,2,Chihuahua,0.1,2-Chihuahua-2-2,15000000
2,3,2,Chihuahua,0.1,2-Chihuahua-2-3,15000000
2,4,2,Chihuahua,0.1,2-Chihuahua-2-4,15000000
2,5,2,Chihuahua,0.1,2-Chihuahua-2-5,15000000
2,1,3,Chihuahua,0.1,2-Chihuahua-3-1,15000000
2,2,3,Chihuahua,0.1,2-Chihuahua-3-2,15000000
2,3,3,Chihuahua,0.1,2-Chihuahua-3-3,15000000
2,4,3,Chihuahua,0.1,2-Chihuahua-3-4,15000000
2,5,3,Chihuahua,0.1,2-Chihuahua-3-5,15000000
2,1,4,Chihuahua,0.1,2-Chihuahua-4-1,15000000
2,2,4,Chihuahua,0.1,2-Chihuahua-4-2,15000000
2,3,4,Chihuahua,0.1,2-Chihuahua-4-3,15000000
2,4,4,Chihuahua,0.1,2-Chihuahua-4-4,15000000
2,5,4,Chihuahua,0.1,2-Chihuahua-4-5,15000000
2,1,5,Chihuahua,0.1,2-Chihuahua-5-1,15000000
2,2,5,Chihuahua,0.1,2-Chihuahua-5-2,15000000
2,3,5,Chihuahua,0.1,2-Chihuahua-5-3,15000000
2,4,5,Chihuahua,0.1,2-Chihuahua-5-4,15000000
2,5,5,Chihuahua,0.1,2-Chihuahua-5-5,15000000
2,1,1,Leonberger,0.1,2-Leonberger-1-1,15000000
2,2,1,Leonberger,0.1,2-Leonberger-1-2,15000000
2,3,1,Leonberger,0.1,2-Leonberger-1-3,15000000
2,4,1,Leonberger,0.1,2-Leonberger-1-4,15000000
2,5,1,Leonberger,0.1,2-Leonberger-1-5,15000000
2,1,2,Leonberger,0.1,2-Leonberger-2-1,15000000
2,2,2,Leonberger,0.1,2-Leonberger-2-2,15000000
2,3,2,Leonberger,0.1,2-Leonberger-2-3,15000000
2,4,2,Leonberger,0.1,2-Leonberger-2-4,15000000
2,5,2,Leonberger,0.1,2-Leonberger-2-5,15000000
2,1,3,Leonberger,0.1,2-Leonberger-3-1,15000000
2,2,3,Leonberger,0.1,2-Leonberger-3-2,15000000
2,3,3,Leonberger,0.1,2-Leonberger-3-3,15000000
2,4,3,Leonberger,0.1,2-Leonberger-3-4,15000000
2,5,3,Leonberger,0.1,2-Leonberger-3-5,15000000
2,1,4,Leonberger,0.1,2-Leonberger-4-1,15000000
2,2,4,Leonberger,0.1,2-Leonberger-4-2,15000000
2,3,4,Leonberger,0.1,2-Leonberger-4-3,15000000
2,4,4,Leonberger,0.1,2-Leonberger-4-4,15000000
2,5,4,Leonberger,0.1,2-Leonberger-4-5,15000000
2,1,5,Leonberger,0.1,2-Leonberger-5-1,15000000
2,2,5,Leonberger,0.1,2-Leonberger-5-2,15000000
2,3,5,Leonberger,0.1,2-Leonberger-5-3,15000000
2,4,5,Leonberger,0.1,2-Leonberger-5-4,15000000
2,5,5,Leonberger,0.1,2-Leonberger-5-5,15000000
2,1,1,Great_Pyrenees,0.1,2-Great_Pyrenees-1-1,15000000
2,2,1,Great_Pyrenees,0.1,2-Great_Pyrenees-1-2,15000000
2,3,1,Great_Pyrenees,0.1,2-Great_Pyrenees-1-3,15000000
2,4,1,Great_Pyrenees,0.1,2-Great_Pyrenees-1-4,15000000
2,5,1,Great_Pyrenees,0.1,2-Great_Pyrenees-1-5,15000000
2,1,2,Great_Pyrenees,0.1,2-Great_Pyrenees-2-1,15000000
2,2,2,Great_Pyrenees,0.1,2-Great_Pyrenees-2-2,15000000
2,3,2,Great_Pyrenees,0.1,2-Great_Pyrenees-2-3,15000000
2,4,2,Great_Pyrenees,0.1,2-Great_Pyrenees-2-4,15000000
2,5,2,Great_Pyrenees,0.1,2-Great_Pyrenees-2-5,15000000
2,1,3,Great_Pyrenees,0.1,2-Great_Pyrenees-3-1,15000000
2,2,3,Great_Pyrenees,0.1,2-Great_Pyrenees-3-2,15000000
2,3,3,Great_Pyrenees,0.1,2-Great_Pyrenees-3-3,15000000
2,4,3,Great_Pyrenees,0.1,2-Great_Pyrenees-3-4,15000000
2,5,3,Great_Pyrenees,0.1,2-Great_Pyrenees-3-5,15000000
2,1,4,Great_Pyrenees,0.1,2-Great_Pyrenees-4-1,15000000
2,2,4,Great_Pyrenees,0.1,2-Great_Pyrenees-4-2,15000000
2,3,4,Great_Pyrenees,0.1,2-Great_Pyrenees-4-3,15000000
2,4,4,Great_Pyrenees,0.1,2-Great_Pyrenees-4-4,15000000
2,5,4,Great_Pyrenees,0.1,2-Great_Pyrenees-4-5,15000000
2,1,5,Great_Pyrenees,0.1,2-Great_Pyrenees-5-1,15000000
2,2,5,Great_Pyrenees,0.1,2-Great_Pyrenees-5-2,15000000
2,3,5,Great_Pyrenees,0.1,2-Great_Pyrenees-5-3,15000000
2,4,5,Great_Pyrenees,0.1,2-Great_Pyrenees-5-4,15000000
2,5,5,Great_Pyrenees,0.1,2-Great_Pyrenees-5-5,15000000
2,1,1,Saint_Bernard,0.1,2-Saint_Bernard-1-1,15000000
2,2,1,Saint_Bernard,0.1,2-Saint_Bernard-1-2,15000000
2,3,1,Saint_Bernard,0.1,2-Saint_Bernard-1-3,15000000
2,4,1,Saint_Bernard,0.1,2-Saint_Bernard-1-4,15000000
2,5,1,Saint_Bernard,0.1,2-Saint_Bernard-1-5,15000000
2,1,2,Saint_Bernard,0.1,2-Saint_Bernard-2-1,15000000
2,2,2,Saint_Bernard,0.1,2-Saint_Bernard-2-2,15000000
2,3,2,Saint_Bernard,0.1,2-Saint_Bernard-2-3,15000000
2,4,2,Saint_Bernard,0.1,2-Saint_Bernard-2-4,15000000
2,5,2,Saint_Bernard,0.1,2-Saint_Bernard-2-5,15000000
2,1,3,Saint_Bernard,0.1,2-Saint_Bernard-3-1,15000000
2,2,3,Saint_Bernard,0.1,2-Saint_Bernard-3-2,15000000
2,3,3,Saint_Bernard,0.1,2-Saint_Bernard-3-3,15000000
2,4,3,Saint_Bernard,0.1,2-Saint_Bernard-3-4,15000000
2,5,3,Saint_Bernard,0.1,2-Saint_Bernard-3-5,15000000
2,1,4,Saint_Bernard,0.1,2-Saint_Bernard-4-1,15000000
2,2,4,Saint_Bernard,0.1,2-Saint_Bernard-4-2,15000000
2,3,4,Saint_Bernard,0.1,2-Saint_Bernard-4-3,15000000
2,4,4,Saint_Bernard,0.1,2-Saint_Bernard-4-4,15000000
2,5,4,Saint_Bernard,0.1,2-Saint_Bernard-4-5,15000000
2,1,5,Saint_Bernard,0.1,2-Saint_Bernard-5-1,15000000
2,2,5,Saint_Bernard,0.1,2-Saint_Bernard-5-2,15000000
2,3,5,Saint_Bernard,0.1,2-Saint_Bernard-5-3,15000000
2,4,5,Saint_Bernard,0.1,2-Saint_Bernard-5-4,15000000
2,5,5,Saint_Bernard,0.1,2-Saint_Bernard-5-5,15000000
1,1,1,Siamese,0.1,1-Siamese-1-1,15000000
1,2,1,Siamese,0.1,1-Siamese-1-2,15000000
1,3,1,Siamese,0.1,1-Siamese-1-3,15000000
1,4,1,Siamese,0.1,1-Siamese-1-4,15000000
1,5,1,Siamese,0.1,1-Siamese-1-5,15000000
1,1,2,Siamese,0.1,1-Siamese-2-1,15000000
1,2,2,Siamese,0.1,1-Siamese-2-2,15000000
1,3,2,Siamese,0.1,1-Siamese-2-3,15000000
1,4,2,Siamese,0.1,1-Siamese-2-4,15000000
1,5,2,Siamese,0.1,1-Siamese-2-5,15000000
1,1,3,Siamese,0.1,1-Siamese-3-1,15000000
1,2,3,Siamese,0.1,1-Siamese-3-2,15000000
1,3,3,Siamese,0.1,1-Siamese-3-3,15000000
1,4,3,Siamese,0.1,1-Siamese-3-4,15000000
1,5,3,Siamese,0.1,1-Siamese-3-5,15000000
1,1,4,Siamese,0.1,1-Siamese-4-1,15000000
1,2,4,Siamese,0.1,1-Siamese-4-2,15000000
1,3,4,Siamese,0.1,1-Siamese-4-3,15000000
1,4,4,Siamese,0.1,1-Siamese-4-4,15000000
1,5,4,Siamese,0.1,1-Siamese-4-5,15000000
1,1,5,Siamese,0.1,1-Siamese-5-1,15000000
1,2,5,Siamese,0.1,1-Siamese-5-2,15000000
1,3,5,Siamese,0.1,1-Siamese-5-3,15000000
1,4,5,Siamese,0.1,1-Siamese-5-4,15000000
1,5,5,Siamese,0.1,1-Siamese-5-5,15000000
2,1,1,Miniature_Pinscher,0.1,2-Miniature_Pinscher-1-1,15000000
2,2,1,Miniature_Pinscher,0.1,2-Miniature_Pinscher-1-2,15000000
2,3,1,Miniature_Pinscher,0.1,2-Miniature_Pinscher-1-3,15000000
2,4,1,Miniature_Pinscher,0.1,2-Miniature_Pinscher-1-4,15000000
2,5,1,Miniature_Pinscher,0.1,2-Miniature_Pinscher-1-5,15000000
2,1,2,Miniature_Pinscher,0.1,2-Miniature_Pinscher-2-1,15000000
2,2,2,Miniature_Pinscher,0.1,2-Miniature_Pinscher-2-2,15000000
2,3,2,Miniature_Pinscher,0.1,2-Miniature_Pinscher-2-3,15000000
2,4,2,Miniature_Pinscher,0.1,2-Miniature_Pinscher-2-4,15000000
2,5,2,Miniature_Pinscher,0.1,2-Miniature_Pinscher-2-5,15000000
2,1,3,Miniature_Pinscher,0.1,2-Miniature_Pinscher-3-1,15000000
2,2,3,Miniature_Pinscher,0.1,2-Miniature_Pinscher-3-2,15000000
2,3,3,Miniature_Pinscher,0.1,2-Miniature_Pinscher-3-3,15000000
2,4,3,Miniature_Pinscher,0.1,2-Miniature_Pinscher-3-4,15000000
2,5,3,Miniature_Pinscher,0.1,2-Miniature_Pinscher-3-5,15000000
2,1,4,Miniature_Pinscher,0.1,2-Miniature_Pinscher-4-1,15000000
2,2,4,Miniature_Pinscher,0.1,2-Miniature_Pinscher-4-2,15000000
2,3,4,Miniature_Pinscher,0.1,2-Miniature_Pinscher-4-3,15000000
2,4,4,Miniature_Pinscher,0.1,2-Miniature_Pinscher-4-4,15000000
2,5,4,Miniature_Pinscher,0.1,2-Miniature_Pinscher-4-5,15000000
2,1,5,Miniature_Pinscher,0.1,2-Miniature_Pinscher-5-1,15000000
2,2,5,Miniature_Pinscher,0.1,2-Miniature_Pinscher-5-2,15000000
2,3,5,Miniature_Pinscher,0.1,2-Miniature_Pinscher-5-3,15000000
2,4,5,Miniature_Pinscher,0.1,2-Miniature_Pinscher-5-4,15000000
2,5,5,Miniature_Pinscher,0.1,2-Miniature_Pinscher-5-5,15000000
1,1,1,Ragdoll,0.1,1-Ragdoll-1-1,15000000
1,2,1,Ragdoll,0.1,1-Ragdoll-1-2,15000000
1,3,1,Ragdoll,0.1,1-Ragdoll-1-3,15000000
1,4,1,Ragdoll,0.1,1-Ragdoll-1-4,15000000
1,5,1,Ragdoll,0.1,1-Ragdoll-1-5,15000000
1,1,2,Ragdoll,0.1,1-Ragdoll-2-1,15000000
1,2,2,Ragdoll,0.1,1-Ragdoll-2-2,15000000
1,3,2,Ragdoll,0.1,1-Ragdoll-2-3,15000000
1,4,2,Ragdoll,0.1,1-Ragdoll-2-4,15000000
1,5,2,Ragdoll,0.1,1-Ragdoll-2-5,15000000
1,1,3,Ragdoll,0.1,1-Ragdoll-3-1,15000000
1,2,3,Ragdoll,0.1,1-Ragdoll-3-2,15000000
1,3,3,Ragdoll,0.1,1-Ragdoll-3-3,15000000
1,4,3,Ragdoll,0.1,1-Ragdoll-3-4,15000000
1,5,3,Ragdoll,0.1,1-Ragdoll-3-5,15000000
1,1,4,Ragdoll,0.1,1-Ragdoll-4-1,15000000
1,2,4,Ragdoll,0.1,1-Ragdoll-4-2,15000000
1,3,4,Ragdoll,0.1,1-Ragdoll-4-3,15000000
1,4,4,Ragdoll,0.1,1-Ragdoll-4-4,15000000
1,5,4,Ragdoll,0.1,1-Ragdoll-4-5,15000000
1,1,5,Ragdoll,0.1,1-Ragdoll-5-1,15000000
1,2,5,Ragdoll,0.1,1-Ragdoll-5-2,15000000
1,3,5,Ragdoll,0.1,1-Ragdoll-5-3,15000000
1,4,5,Ragdoll,0.1,1-Ragdoll-5-4,15000000
1,5,5,Ragdoll,0.1,1-Ragdoll-5-5,15000000
2,1,1,Yorkshire_Terrier,0.1,2-Yorkshire_Terrier-1-1,15000000
2,2,1,Yorkshire_Terrier,0.1,2-Yorkshire_Terrier-1-2,15000000
2,3,1,Yorkshire_Terrier,0.1,2-Yorkshire_Terrier-1-3,15000000
2,4,1,Yorkshire_Terrier,0.1,2-Yorkshire_Terrier-1-4,15000000
2,5,1,Yorkshire_Terrier,0.1,2-Yorkshire_Terrier-1-5,15000000
2,1,2,Yorkshire_Terrier,0.1,2-Yorkshire_Terrier-2-1,15000000
2,2,2,Yorkshire_Terrier,0.1,2-Yorkshire_Terrier-2-2,15000000
2,3,2,Yorkshire_Terrier,0.1,2-Yorkshire_Terrier-2-3,15000000
2,4,2,Yorkshire_Terrier,0.1,2-Yorkshire_Terrier-2-4,15000000
2,5,2,Yorkshire_Terrier,0.1,2-Yorkshire_Terrier-2-5,15000000
2,1,3,Yorkshire_Terrier,0.1,2-Yorkshire_Terrier-3-1,15000000
2,2,3,Yorkshire_Terrier,0.1,2-Yorkshire_Terrier-3-2,15000000
2,3,3,Yorkshire_Terrier,0.1,2-Yorkshire_Terrier-3-3,15000000
2,4,3,Yorkshire_Terrier,0.1,2-Yorkshire_Terrier-3-4,15000000
2,5,3,Yorkshire_Terrier,0.1,2-Yorkshire_Terrier-3-5,15000000
2,1,4,Yorkshire_Terrier,0.1,2-Yorkshire_Terrier-4-1,15000000
2,2,4,Yorkshire_Terrier,0.1,2-Yorkshire_Terrier-4-2,15000000
2,3,4,Yorkshire_Terrier,0.1,2-Yorkshire_Terrier-4-3,15000000
2,4,4,Yorkshire_Terrier,0.1,2-Yorkshire_Terrier-4-4,15000000
2,5,4,Yorkshire_Terrier,0.1,2-Yorkshire_Terrier-4-5,15000000
2,1,5,Yorkshire_Terrier,0.1,2-Yorkshire_Terrier-5-1,15000000
2,2,5,Yorkshire_Terrier,0.1,2-Yorkshire_Terrier-5-2,15000000
2,3,5,Yorkshire_Terrier,0.1,2-Yorkshire_Terrier-5-3,15000000
2,4,5,Yorkshire_Terrier,0.1,2-Yorkshire_Terrier-5-4,15000000
2,5,5,Yorkshire_Terrier,0.1,2-Yorkshire_Terrier-5-5,15000000
1,1,1,Abyssinian,0.1,1-Abyssinian-1-1,15000000
1,2,1,Abyssinian,0.1,1-Abyssinian-1-2,15000000
1,3,1,Abyssinian,0.1,1-Abyssinian-1-3,15000000
1,4,1,Abyssinian,0.1,1-Abyssinian-1-4,15000000
1,5,1,Abyssinian,0.1,1-Abyssinian-1-5,15000000
1,1,2,Abyssinian,0.1,1-Abyssinian-2-1,15000000
1,2,2,Abyssinian,0.1,1-Abyssinian-2-2,15000000
1,3,2,Abyssinian,0.1,1-Abyssinian-2-3,15000000
1,4,2,Abyssinian,0.1,1-Abyssinian-2-4,15000000
1,5,2,Abyssinian,0.1,1-Abyssinian-2-5,15000000
1,1,3,Abyssinian,0.1,1-Abyssinian-3-1,15000000
1,2,3,Abyssinian,0.1,1-Abyssinian-3-2,15000000
1,3,3,Abyssinian,0.1,1-Abyssinian-3-3,15000000
1,4,3,Abyssinian,0.1,1-Abyssinian-3-4,15000000
1,5,3,Abyssinian,0.1,1-Abyssinian-3-5,15000000
1,1,4,Abyssinian,0.1,1-Abyssinian-4-1,15000000
1,2,4,Abyssinian,0.1,1-Abyssinian-4-2,15000000
1,3,4,Abyssinian,0.1,1-Abyssinian-4-3,15000000
1,4,4,Abyssinian,0.1,1-Abyssinian-4-4,15000000
1,5,4,Abyssinian,0.1,1-Abyssinian-4-5,15000000
1,1,5,Abyssinian,0.1,1-Abyssinian-5-1,15000000
1,2,5,Abyssinian,0.1,1-Abyssinian-5-2,15000000
1,3,5,Abyssinian,0.1,1-Abyssinian-5-3,15000000
1,4,5,Abyssinian,0.1,1-Abyssinian-5-4,15000000
1,5,5,Abyssinian,0.1,1-Abyssinian-5-5,15000000
2,1,1,Wheaten_Terrier,0.1,2-Wheaten_Terrier-1-1,15000000
2,2,1,Wheaten_Terrier,0.1,2-Wheaten_Terrier-1-2,15000000
2,3,1,Wheaten_Terrier,0.1,2-Wheaten_Terrier-1-3,15000000
2,4,1,Wheaten_Terrier,0.1,2-Wheaten_Terrier-1-4,15000000
2,5,1,Wheaten_Terrier,0.1,2-Wheaten_Terrier-1-5,15000000
2,1,2,Wheaten_Terrier,0.1,2-Wheaten_Terrier-2-1,15000000
2,2,2,Wheaten_Terrier,0.1,2-Wheaten_Terrier-2-2,15000000
2,3,2,Wheaten_Terrier,0.1,2-Wheaten_Terrier-2-3,15000000
2,4,2,Wheaten_Terrier,0.1,2-Wheaten_Terrier-2-4,15000000
2,5,2,Wheaten_Terrier,0.1,2-Wheaten_Terrier-2-5,15000000
2,1,3,Wheaten_Terrier,0.1,2-Wheaten_Terrier-3-1,15000000
2,2,3,Wheaten_Terrier,0.1,2-Wheaten_Terrier-3-2,15000000
2,3,3,Wheaten_Terrier,0.1,2-Wheaten_Terrier-3-3,15000000
2,4,3,Wheaten_Terrier,0.1,2-Wheaten_Terrier-3-4,15000000
2,5,3,Wheaten_Terrier,0.1,2-Wheaten_Terrier-3-5,15000000
2,1,4,Wheaten_Terrier,0.1,2-Wheaten_Terrier-4-1,15000000
2,2,4,Wheaten_Terrier,0.1,2-Wheaten_Terrier-4-2,15000000
2,3,4,Wheaten_Terrier,0.1,2-Wheaten_Terrier-4-3,15000000
2,4,4,Wheaten_Terrier,0.1,2-Wheaten_Terrier-4-4,15000000
2,5,4,Wheaten_Terrier,0.1,2-Wheaten_Terrier-4-5,15000000
2,1,5,Wheaten_Terrier,0.1,2-Wheaten_Terrier-5-1,15000000
2,2,5,Wheaten_Terrier,0.1,2-Wheaten_Terrier-5-2,15000000
2,3,5,Wheaten_Terrier,0.1,2-Wheaten_Terrier-5-3,15000000
2,4,5,Wheaten_Terrier,0.1,2-Wheaten_Terrier-5-4,15000000
2,5,5,Wheaten_Terrier,0.1,2-Wheaten_Terrier-5-5,15000000
2,1,1,Samoyed,0.1,2-Samoyed-1-1,15000000
2,2,1,Samoyed,0.1,2-Samoyed-1-2,15000000
2,3,1,Samoyed,0.1,2-Samoyed-1-3,15000000
2,4,1,Samoyed,0.1,2-Samoyed-1-4,15000000
2,5,1,Samoyed,0.1,2-Samoyed-1-5,15000000
2,1,2,Samoyed,0.1,2-Samoyed-2-1,15000000
2,2,2,Samoyed,0.1,2-Samoyed-2-2,15000000
2,3,2,Samoyed,0.1,2-Samoyed-2-3,15000000
2,4,2,Samoyed,0.1,2-Samoyed-2-4,15000000
2,5,2,Samoyed,0.1,2-Samoyed-2-5,15000000
2,1,3,Samoyed,0.1,2-Samoyed-3-1,15000000
2,2,3,Samoyed,0.1,2-Samoyed-3-2,15000000
2,3,3,Samoyed,0.1,2-Samoyed-3-3,15000000
2,4,3,Samoyed,0.1,2-Samoyed-3-4,15000000
2,5,3,Samoyed,0.1,2-Samoyed-3-5,15000000
2,1,4,Samoyed,0.1,2-Samoyed-4-1,15000000
2,2,4,Samoyed,0.1,2-Samoyed-4-2,15000000
2,3,4,Samoyed,0.1,2-Samoyed-4-3,15000000
2,4,4,Samoyed,0.1,2-Samoyed-4-4,15000000
2,5,4,Samoyed,0.1,2-Samoyed-4-5,15000000
2,1,5,Samoyed,0.1,2-Samoyed-5-1,15000000
2,2,5,Samoyed,0.1,2-Samoyed-5-2,15000000
2,3,5,Samoyed,0.1,2-Samoyed-5-3,15000000
2,4,5,Samoyed,0.1,2-Samoyed-5-4,15000000
2,5,5,Samoyed,0.1,2-Samoyed-5-5,15000000
2,1,1,Pomeranian,0.1,2-Pomeranian-1-1,15000000
2,2,1,Pomeranian,0.1,2-Pomeranian-1-2,15000000
2,3,1,Pomeranian,0.1,2-Pomeranian-1-3,15000000
2,4,1,Pomeranian,0.1,2-Pomeranian-1-4,15000000
2,5,1,Pomeranian,0.1,2-Pomeranian-1-5,15000000
2,1,2,Pomeranian,0.1,2-Pomeranian-2-1,15000000
2,2,2,Pomeranian,0.1,2-Pomeranian-2-2,15000000
2,3,2,Pomeranian,0.1,2-Pomeranian-2-3,15000000
2,4,2,Pomeranian,0.1,2-Pomeranian-2-4,15000000
2,5,2,Pomeranian,0.1,2-Pomeranian-2-5,15000000
2,1,3,Pomeranian,0.1,2-Pomeranian-3-1,15000000
2,2,3,Pomeranian,0.1,2-Pomeranian-3-2,15000000
2,3,3,Pomeranian,0.1,2-Pomeranian-3-3,15000000
2,4,3,Pomeranian,0.1,2-Pomeranian-3-4,15000000
2,5,3,Pomeranian,0.1,2-Pomeranian-3-5,15000000
2,1,4,Pomeranian,0.1,2-Pomeranian-4-1,15000000
2,2,4,Pomeranian,0.1,2-Pomeranian-4-2,15000000
2,3,4,Pomeranian,0.1,2-Pomeranian-4-3,15000000
2,4,4,Pomeranian,0.1,2-Pomeranian-4-4,15000000
2,5,4,Pomeranian,0.1,2-Pomeranian-4-5,15000000
2,1,5,Pomeranian,0.1,2-Pomeranian-5-1,15000000
2,2,5,Pomeranian,0.1,2-Pomeranian-5-2,15000000
2,3,5,Pomeranian,0.1,2-Pomeranian-5-3,15000000
2,4,5,Pomeranian,0.1,2-Pomeranian-5-4,15000000
2,5,5,Pomeranian,0.1,2-Pomeranian-5-5,15000000
1,1,1,Sphynx,0.1,1-Sphynx-1-1,15000000
1,2,1,Sphynx,0.1,1-Sphynx-1-2,15000000
1,3,1,Sphynx,0.1,1-Sphynx-1-3,15000000
1,4,1,Sphynx,0.1,1-Sphynx-1-4,15000000
1,5,1,Sphynx,0.1,1-Sphynx-1-5,15000000
1,1,2,Sphynx,0.1,1-Sphynx-2-1,15000000
1,2,2,Sphynx,0.1,1-Sphynx-2-2,15000000
1,3,2,Sphynx,0.1,1-Sphynx-2-3,15000000
1,4,2,Sphynx,0.1,1-Sphynx-2-4,15000000
1,5,2,Sphynx,0.1,1-Sphynx-2-5,15000000
1,1,3,Sphynx,0.1,1-Sphynx-3-1,15000000
1,2,3,Sphynx,0.1,1-Sphynx-3-2,15000000
1,3,3,Sphynx,0.1,1-Sphynx-3-3,15000000
1,4,3,Sphynx,0.1,1-Sphynx-3-4,15000000
1,5,3,Sphynx,0.1,1-Sphynx-3-5,15000000
1,1,4,Sphynx,0.1,1-Sphynx-4-1,15000000
1,2,4,Sphynx,0.1,1-Sphynx-4-2,15000000
1,3,4,Sphynx,0.1,1-Sphynx-4-3,15000000
1,4,4,Sphynx,0.1,1-Sphynx-4-4,15000000
1,5,4,Sphynx,0.1,1-Sphynx-4-5,15000000
1,1,5,Sphynx,0.1,1-Sphynx-5-1,15000000
1,2,5,Sphynx,0.1,1-Sphynx-5-2,15000000
1,3,5,Sphynx,0.1,1-Sphynx-5-3,15000000
1,4,5,Sphynx,0.1,1-Sphynx-5-4,15000000
1,5,5,Sphynx,0.1,1-Sphynx-5-5,15000000
2,1,1,Boxer,0.1,2-Boxer-1-1,15000000
2,2,1,Boxer,0.1,2-Boxer-1-2,15000000
2,3,1,Boxer,0.1,2-Boxer-1-3,15000000
2,4,1,Boxer,0.1,2-Boxer-1-4,15000000
2,5,1,Boxer,0.1,2-Boxer-1-5,15000000
2,1,2,Boxer,0.1,2-Boxer-2-1,15000000
2,2,2,Boxer,0.1,2-Boxer-2-2,15000000
2,3,2,Boxer,0.1,2-Boxer-2-3,15000000
2,4,2,Boxer,0.1,2-Boxer-2-4,15000000
2,5,2,Boxer,0.1,2-Boxer-2-5,15000000
2,1,3,Boxer,0.1,2-Boxer-3-1,15000000
2,2,3,Boxer,0.1,2-Boxer-3-2,15000000
2,3,3,Boxer,0.1,2-Boxer-3-3,15000000
2,4,3,Boxer,0.1,2-Boxer-3-4,15000000
2,5,3,Boxer,0.1,2-Boxer-3-5,15000000
2,1,4,Boxer,0.1,2-Boxer-4-1,15000000
2,2,4,Boxer,0.1,2-Boxer-4-2,15000000
2,3,4,Boxer,0.1,2-Boxer-4-3,15000000
2,4,4,Boxer,0.1,2-Boxer-4-4,15000000
2,5,4,Boxer,0.1,2-Boxer-4-5,15000000
2,1,5,Boxer,0.1,2-Boxer-5-1,15000000
2,2,5,Boxer,0.1,2-Boxer-5-2,15000000
2,3,5,Boxer,0.1,2-Boxer-5-3,15000000
2,4,5,Boxer,0.1,2-Boxer-5-4,15000000
2,5,5,Boxer,0.1,2-Boxer-5-5,15000000
1,1,1,Maine_Coon,0.1,1-Maine_Coon-1-1,15000000
1,2,1,Maine_Coon,0.1,1-Maine_Coon-1-2,15000000
1,3,1,Maine_Coon,0.1,1-Maine_Coon-1-3,15000000
1,4,1,Maine_Coon,0.1,1-Maine_Coon-1-4,15000000
1,5,1,Maine_Coon,0.1,1-Maine_Coon-1-5,15000000
1,1,2,Maine_Coon,0.1,1-Maine_Coon-2-1,15000000
1,2,2,Maine_Coon,0.1,1-Maine_Coon-2-2,15000000
1,3,2,Maine_Coon,0.1,1-Maine_Coon-2-3,15000000
1,4,2,Maine_Coon,0.1,1-Maine_Coon-2-4,15000000
1,5,2,Maine_Coon,0.1,1-Maine_Coon-2-5,15000000
1,1,3,Maine_Coon,0.1,1-Maine_Coon-3-1,15000000
1,2,3,Maine_Coon,0.1,1-Maine_Coon-3-2,15000000
1,3,3,Maine_Coon,0.1,1-Maine_Coon-3-3,15000000
1,4,3,Maine_Coon,0.1,1-Maine_Coon-3-4,15000000
1,5,3,Maine_Coon,0.1,1-Maine_Coon-3-5,15000000
1,1,4,Maine_Coon,0.1,1-Maine_Coon-4-1,15000000
1,2,4,Maine_Coon,0.1,1-Maine_Coon-4-2,15000000
1,3,4,Maine_Coon,0.1,1-Maine_Coon-4-3,15000000
1,4,4,Maine_Coon,0.1,1-Maine_Coon-4-4,15000000
1,5,4,Maine_Coon,0.1,1-Maine_Coon-4-5,15000000
1,1,5,Maine_Coon,0.1,1-Maine_Coon-5-1,15000000
1,2,5,Maine_Coon,0.1,1-Maine_Coon-5-2,15000000
1,3,5,Maine_Coon,0.1,1-Maine_Coon-5-3,15000000
1,4,5,Maine_Coon,0.1,1-Maine_Coon-5-4,15000000
1,5,5,Maine_Coon,0.1,1-Maine_Coon-5-5,15000000
2,1,1,Newfoundland,0.1,2-Newfoundland-1-1,15000000
2,2,1,Newfoundland,0.1,2-Newfoundland-1-2,15000000
2,3,1,Newfoundland,0.1,2-Newfoundland-1-3,15000000
2,4,1,Newfoundland,0.1,2-Newfoundland-1-4,15000000
2,5,1,Newfoundland,0.1,2-Newfoundland-1-5,15000000
2,1,2,Newfoundland,0.1,2-Newfoundland-2-1,15000000
2,2,2,Newfoundland,0.1,2-Newfoundland-2-2,15000000
2,3,2,Newfoundland,0.1,2-Newfoundland-2-3,15000000
2,4,2,Newfoundland,0.1,2-Newfoundland-2-4,15000000
2,5,2,Newfoundland,0.1,2-Newfoundland-2-5,15000000
2,1,3,Newfoundland,0.1,2-Newfoundland-3-1,15000000
2,2,3,Newfoundland,0.1,2-Newfoundland-3-2,15000000
2,3,3,Newfoundland,0.1,2-Newfoundland-3-3,15000000
2,4,3,Newfoundland,0.1,2-Newfoundland-3-4,15000000
2,5,3,Newfoundland,0.1,2-Newfoundland-3-5,15000000
2,1,4,Newfoundland,0.1,2-Newfoundland-4-1,15000000
2,2,4,Newfoundland,0.1,2-Newfoundland-4-2,15000000
2,3,4,Newfoundland,0.1,2-Newfoundland-4-3,15000000
2,4,4,Newfoundland,0.1,2-Newfoundland-4-4,15000000
2,5,4,Newfoundland,0.1,2-Newfoundland-4-5,15000000
2,1,5,Newfoundland,0.1,2-Newfoundland-5-1,15000000
2,2,5,Newfoundland,0.1,2-Newfoundland-5-2,15000000
2,3,5,Newfoundland,0.1,2-Newfoundland-5-3,15000000
2,4,5,Newfoundland,0.1,2-Newfoundland-5-4,15000000
2,5,5,Newfoundland,0.1,2-Newfoundland-5-5,15000000
